Country Name,Country Code,Series,Series Code,2000,2001,2002,2011,2012,2013,2014,2015,2016,2017,2018,2019,2020
Afghanistan,AFG,Government expenditure on education as % of GDP (%),SE.XPD.TOTL.GD.ZS,,,,3.46201,2.6042,3.45446,3.69522,3.2558,4.22836,4.05887,,,
Albania,ALB,Government expenditure on education as % of GDP (%),SE.XPD.TOTL.GD.ZS,3.43017,3.4587,3.1178,,,3.5393,,3.43797,3.96209,3.61172,,,
Algeria,DZA,Government expenditure on education as % of GDP (%),SE.XPD.TOTL.GD.ZS,,,,,,,,,,,,,
American Samoa,ASM,Government expenditure on education as % of GDP (%),SE.XPD.TOTL.GD.ZS,,,,,,,,,,,,,
Andorra,AND,Government expenditure on education as % of GDP (%),SE.XPD.TOTL.GD.ZS,,,1.65971,2.98706,,2.50616,3.07421,3.28035,3.23707,3.21709,3.24672,3.15162,
Angola,AGO,Government expenditure on education as % of GDP (%),SE.XPD.TOTL.GD.ZS,2.60753,,,,,,,,,,,,
Antigua and Barbuda,ATG,Government expenditure on education as % of GDP (%),SE.XPD.TOTL.GD.ZS,,,3.39428,,,,,,,,,,
Arab World,ARB,Government expenditure on education as % of GDP (%),SE.XPD.TOTL.GD.ZS,,,,,,,,,,,,,
Argentina,ARG,Government expenditure on education as % of GDP (%),SE.XPD.TOTL.GD.ZS,4.58031,4.83374,4.01734,5.29063,5.34583,5.43661,5.36144,5.77611,5.54549,5.46223,,,
Armenia,ARM,Government expenditure on education as % of GDP (%),SE.XPD.TOTL.GD.ZS,2.77273,2.46944,2.13504,3.14385,2.77248,2.65018,2.24724,2.80591,2.75812,2.70759,,,
Aruba,ABW,Government expenditure on education as % of GDP (%),SE.XPD.TOTL.GD.ZS,4.71468,4.73986,4.92365,6.11913,6.54906,6.50538,5.90521,5.97571,5.52415,,,,
Australia,AUS,Government expenditure on education as % of GDP (%),SE.XPD.TOTL.GD.ZS,4.89147,,,5.07451,4.869,5.22974,5.16477,5.31127,5.27678,5.12425,,,
Austria,AUT,Government expenditure on education as % of GDP (%),SE.XPD.TOTL.GD.ZS,5.58881,5.57548,5.52213,5.59227,5.4804,5.54711,5.44762,5.45658,5.48435,5.35804,,,
Azerbaijan,AZE,Government expenditure on education as % of GDP (%),SE.XPD.TOTL.GD.ZS,3.85399,3.50342,3.15446,2.43564,2.06763,2.44213,2.63304,2.95168,2.90341,2.47382,2.45543,,
"Bahamas, The",BHS,Government expenditure on education as % of GDP (%),SE.XPD.TOTL.GD.ZS,2.23284,,,,,,,,,,,,
Bahrain,BHR,Government expenditure on education as % of GDP (%),SE.XPD.TOTL.GD.ZS,,,,,2.64531,2.47689,2.46746,2.66808,,2.32781,,,
Bangladesh,BGD,Government expenditure on education as % of GDP (%),SE.XPD.TOTL.GD.ZS,2.12508,2.17193,2.01715,2.1327,2.1755,1.96616,,,1.53554,,,1.32632,
Barbados,BRB,Government expenditure on education as % of GDP (%),SE.XPD.TOTL.GD.ZS,4.71586,6.05537,5.88062,,5.26274,5.14899,6.1435,,4.95139,4.36638,,,
Belarus,BLR,Government expenditure on education as % of GDP (%),SE.XPD.TOTL.GD.ZS,6.19662,,,4.68479,4.95964,5.00942,4.81831,4.78752,4.94655,4.79499,,,
Belgium,BEL,Government expenditure on education as % of GDP (%),SE.XPD.TOTL.GD.ZS,,,,6.43199,,6.63053,6.59047,6.45157,6.45954,6.41228,,,
Belize,BLZ,Government expenditure on education as % of GDP (%),SE.XPD.TOTL.GD.ZS,5.02843,5.79708,,,,6.42536,6.61473,6.88889,7.28477,7.50989,7.56149,,
Benin,BEN,Government expenditure on education as % of GDP (%),SE.XPD.TOTL.GD.ZS,2.11366,2.3651,2.15949,,3.56202,3.32751,3.16179,3.17298,2.8991,3.53559,2.93397,,
Bermuda,BMU,Government expenditure on education as % of GDP (%),SE.XPD.TOTL.GD.ZS,,,,,,,1.78285,1.6986,,1.50039,,,
Bhutan,BTN,Government expenditure on education as % of GDP (%),SE.XPD.TOTL.GD.ZS,5.51379,5.91573,,4.76523,,5.72275,6.0449,7.5901,6.99333,7.22574,6.85084,,
Bolivia,BOL,Government expenditure on education as % of GDP (%),SE.XPD.TOTL.GD.ZS,,,,,,,,,,,,,
Bosnia and Herzegovina,BIH,Government expenditure on education as % of GDP (%),SE.XPD.TOTL.GD.ZS,,,,,,,,,,,,,
Botswana,BWA,Government expenditure on education as % of GDP (%),SE.XPD.TOTL.GD.ZS,,,,,,,,,,,,,
Brazil,BRA,Government expenditure on education as % of GDP (%),SE.XPD.TOTL.GD.ZS,3.94893,3.84468,3.75037,5.73741,5.8551,5.83885,5.94848,6.24106,6.31404,6.32255,,,
British Virgin Islands,VGB,Government expenditure on education as % of GDP (%),SE.XPD.TOTL.GD.ZS,,2.90477,,,,,,5.13479,,2.35899,2.46599,,
Brunei Darussalam,BRN,Government expenditure on education as % of GDP (%),SE.XPD.TOTL.GD.ZS,3.70591,,,3.3221,2.88959,,3.35319,,4.42541,,,,
Bulgaria,BGR,Government expenditure on education as % of GDP (%),SE.XPD.TOTL.GD.ZS,,3.38424,3.38608,3.56643,3.49485,4.0742,,,,4.0925,,,
Burkina Faso,BFA,Government expenditure on education as % of GDP (%),SE.XPD.TOTL.GD.ZS,,,,3.98515,3.60316,4.08344,4.0533,3.67009,,5.60347,5.38379,,
Burundi,BDI,Government expenditure on education as % of GDP (%),SE.XPD.TOTL.GD.ZS,2.64548,2.90391,3.00493,6.31925,6.16786,5.99536,6.78452,6.37054,4.692,4.76202,5.07865,,
Cabo Verde,CPV,Government expenditure on education as % of GDP (%),SE.XPD.TOTL.GD.ZS,,,7.87682,5.04361,,5.00144,4.96387,5.26691,5.28879,5.18175,,,
Cambodia,KHM,Government expenditure on education as % of GDP (%),SE.XPD.TOTL.GD.ZS,1.65599,1.72222,1.71121,1.51069,1.5609,2.05054,1.90939,,,,2.16286,,
Cameroon,CMR,Government expenditure on education as % of GDP (%),SE.XPD.TOTL.GD.ZS,1.77992,2.42418,,2.76677,2.69718,2.76802,2.68713,2.76805,2.65423,3.15482,3.1312,,
Canada,CAN,Government expenditure on education as % of GDP (%),SE.XPD.TOTL.GD.ZS,5.442,4.96956,5.01073,5.27444,,,,,,,,,
Caribbean small states,CSS,Government expenditure on education as % of GDP (%),SE.XPD.TOTL.GD.ZS,,,,,,,,,,,,,
Cayman Islands,CYM,Government expenditure on education as % of GDP (%),SE.XPD.TOTL.GD.ZS,,,,,,,,,,,,,
Central African Republic,CAF,Government expenditure on education as % of GDP (%),SE.XPD.TOTL.GD.ZS,1.61265,,1.51957,1.10792,,,,,,,,,
Central Europe and the Baltics,CEB,Government expenditure on education as % of GDP (%),SE.XPD.TOTL.GD.ZS,,,,,,,,,,,,,
Chad,TCD,Government expenditure on education as % of GDP (%),SE.XPD.TOTL.GD.ZS,2.64671,2.42614,,2.2579,2.20615,2.85071,,,,2.45482,,,
Channel Islands,CHI,Government expenditure on education as % of GDP (%),SE.XPD.TOTL.GD.ZS,,,,,,,,,,,,,
Chile,CHL,Government expenditure on education as % of GDP (%),SE.XPD.TOTL.GD.ZS,3.77583,,4.08121,4.04519,,4.52943,4.73095,4.87531,5.34201,5.41946,,,
China,CHN,Government expenditure on education as % of GDP (%),SE.XPD.TOTL.GD.ZS,,,,,,,,,,,,,
Colombia,COL,Government expenditure on education as % of GDP (%),SE.XPD.TOTL.GD.ZS,3.51121,3.70868,4.26813,4.46608,4.37039,4.87855,4.62946,4.47039,4.47721,4.53551,4.45749,,
Comoros,COM,Government expenditure on education as % of GDP (%),SE.XPD.TOTL.GD.ZS,,,2.25842,2.83045,2.74784,2.38276,2.74473,2.54506,,,,,
"Congo, Dem. Rep.",COD,Government expenditure on education as % of GDP (%),SE.XPD.TOTL.GD.ZS,,,,,,2.06221,1.95143,2.17044,2.11869,1.45495,,,
"Congo, Rep.",COG,Government expenditure on education as % of GDP (%),SE.XPD.TOTL.GD.ZS,,,3.20832,,,,4.0172,4.56147,,5.46505,3.51105,,
Costa Rica,CRI,Government expenditure on education as % of GDP (%),SE.XPD.TOTL.GD.ZS,4.68696,4.8511,5.17354,6.45535,6.68984,6.84934,6.86952,7.08254,7.09768,7.31572,6.97857,7.04876,
Cote d'Ivoire,CIV,Government expenditure on education as % of GDP (%),SE.XPD.TOTL.GD.ZS,3.70367,3.66868,4.09033,4.13755,4.65411,4.729,4.57743,3.49416,3.97232,3.80348,3.25603,,
Croatia,HRV,Government expenditure on education as % of GDP (%),SE.XPD.TOTL.GD.ZS,,,3.81978,4.15011,,4.56487,,,,3.91713,,,
Cuba,CUB,Government expenditure on education as % of GDP (%),SE.XPD.TOTL.GD.ZS,7.70481,8.35809,9.57117,,,,,,,,,,
Curacao,CUW,Government expenditure on education as % of GDP (%),SE.XPD.TOTL.GD.ZS,,,,,,4.93095,,,,,,,
Cyprus,CYP,Government expenditure on education as % of GDP (%),SE.XPD.TOTL.GD.ZS,4.98954,5.11552,5.58167,6.53854,,6.48378,6.4485,6.34636,6.1638,5.77719,,,
Czech Republic,CZE,Government expenditure on education as % of GDP (%),SE.XPD.TOTL.GD.ZS,3.65089,3.74855,3.97256,4.27214,4.25086,4.09089,3.99462,5.78885,5.58738,3.85402,,,
Denmark,DNK,Government expenditure on education as % of GDP (%),SE.XPD.TOTL.GD.ZS,8.08434,8.21545,8.21303,8.48486,7.23782,8.49443,7.63485,,,7.81608,,,
Djibouti,DJI,Government expenditure on education as % of GDP (%),SE.XPD.TOTL.GD.ZS,9.66,7.80543,8.4476,,,,,3.59024,3.92439,3.74856,3.62774,,
Dominica,DMA,Government expenditure on education as % of GDP (%),SE.XPD.TOTL.GD.ZS,,,,,,,,3.40858,,,,5.57345,
Dominican Republic,DOM,Government expenditure on education as % of GDP (%),SE.XPD.TOTL.GD.ZS,1.88829,1.96783,1.91401,,,,,,,,,,
Early-demographic dividend,EAR,Government expenditure on education as % of GDP (%),SE.XPD.TOTL.GD.ZS,,,,,,,,,,,,,
East Asia & Pacific,EAS,Government expenditure on education as % of GDP (%),SE.XPD.TOTL.GD.ZS,,3.551379919,3.828769922,4.125804901,4.577460051,4.526404858,4.714849949,,,,,,
East Asia & Pacific (excluding high income),EAP,Government expenditure on education as % of GDP (%),SE.XPD.TOTL.GD.ZS,4.260559916,2.668550014,2.997080088,4.60902977,4.865950108,4.53144002,,,,,,,
East Asia & Pacific (IDA & IBRD countries),TEA,Government expenditure on education as % of GDP (%),SE.XPD.TOTL.GD.ZS,,,,,,,,,,,,,
Ecuador,ECU,Government expenditure on education as % of GDP (%),SE.XPD.TOTL.GD.ZS,1.15093,,,4.72689,4.64307,5.00464,5.26099,4.9987,,,,,
"Egypt, Arab Rep.",EGY,Government expenditure on education as % of GDP (%),SE.XPD.TOTL.GD.ZS,,,,,,,,,,,,,
El Salvador,SLV,Government expenditure on education as % of GDP (%),SE.XPD.TOTL.GD.ZS,2.83868,,3.24284,3.8985,3.71247,3.80149,3.82416,3.90988,3.82524,3.72523,3.59242,,
Equatorial Guinea,GNQ,Government expenditure on education as % of GDP (%),SE.XPD.TOTL.GD.ZS,,,,,,,,,,,,,
Eritrea,ERI,Government expenditure on education as % of GDP (%),SE.XPD.TOTL.GD.ZS,,4.04716,3.5239,,,,,,,,,,
Estonia,EST,Government expenditure on education as % of GDP (%),SE.XPD.TOTL.GD.ZS,5.33243,5.22461,5.43131,4.96992,4.68269,4.81267,5.36708,5.10685,5.17054,4.97338,,,
Eswatini,SWZ,Government expenditure on education as % of GDP (%),SE.XPD.TOTL.GD.ZS,5.50848,4.83824,4.44087,6.86433,,,7.07032,,,,,,
Ethiopia,ETH,Government expenditure on education as % of GDP (%),SE.XPD.TOTL.GD.ZS,3.98311,3.70029,3.63245,5.48576,5.56678,4.49855,4.60202,4.73792,,,,,
Euro area,EMU,Government expenditure on education as % of GDP (%),SE.XPD.TOTL.GD.ZS,4.893635035,5.33506012,5.409160137,5.31856513,5.461319923,5.376790047,5.281619787,,,,,,
Europe & Central Asia,ECS,Government expenditure on education as % of GDP (%),SE.XPD.TOTL.GD.ZS,4.176370144,4.680490017,4.569795132,4.993620157,4.933310032,5.040480137,5.123250008,,,,,,
Europe & Central Asia (excluding high income),ECA,Government expenditure on education as % of GDP (%),SE.XPD.TOTL.GD.ZS,3.25661993,3.290529966,3.300149918,4.046530008,3.903880119,,,,,,,,
Europe & Central Asia (IDA & IBRD countries),TEC,Government expenditure on education as % of GDP (%),SE.XPD.TOTL.GD.ZS,,,,,,,,,,,,,
European Union,EUU,Government expenditure on education as % of GDP (%),SE.XPD.TOTL.GD.ZS,4.858910084,5.236480236,5.213424921,5.120269775,4.946400166,5.296815157,5.268799782,,,,,,
Faroe Islands,FRO,Government expenditure on education as % of GDP (%),SE.XPD.TOTL.GD.ZS,,,,,,,,,,,,,
Fiji,FJI,Government expenditure on education as % of GDP (%),SE.XPD.TOTL.GD.ZS,5.85725,5.61714,6.24382,4.17306,,3.88289,,,,,,,
Finland,FIN,Government expenditure on education as % of GDP (%),SE.XPD.TOTL.GD.ZS,5.7093,5.84025,6.01678,6.44505,7.14804,7.12404,7.10237,7.03208,6.85153,6.37621,,,
Fragile and conflict affected situations,FCS,Government expenditure on education as % of GDP (%),SE.XPD.TOTL.GD.ZS,,,,,,,,,,,,,
France,FRA,Government expenditure on education as % of GDP (%),SE.XPD.TOTL.GD.ZS,,,,,,,,,,5.4516,,,
French Polynesia,PYF,Government expenditure on education as % of GDP (%),SE.XPD.TOTL.GD.ZS,,,,,,,,,,,,,
Gabon,GAB,Government expenditure on education as % of GDP (%),SE.XPD.TOTL.GD.ZS,3.82709,,,2.98746,3.0134,3.02971,2.66667,,,,,,
"Gambia, The",GMB,Government expenditure on education as % of GDP (%),SE.XPD.TOTL.GD.ZS,1.46587,1.1581,1.44292,2.50117,2.63757,1.81839,2.23094,2.16003,2.02443,,2.4203,,
Georgia,GEO,Government expenditure on education as % of GDP (%),SE.XPD.TOTL.GD.ZS,2.18105,2.1375,2.23502,2.57614,1.9061,,,,3.59387,3.57443,3.52106,,
Germany,DEU,Government expenditure on education as % of GDP (%),SE.XPD.TOTL.GD.ZS,,,,4.82487,4.95658,4.96111,4.93962,4.83498,4.84022,4.90512,,,
Ghana,GHA,Government expenditure on education as % of GDP (%),SE.XPD.TOTL.GD.ZS,,5.35444,,8.14097,7.91914,4.6071,4.49182,4.51089,4.48683,3.61798,3.98944,,
Gibraltar,GIB,Government expenditure on education as % of GDP (%),SE.XPD.TOTL.GD.ZS,,,,,,,,,,,,,
Global Partnership for Education,FTI,Government expenditure on education as % of GDP (%),SE.XPD.TOTL.GD.ZS,2.7893627,,,,,,,,,,,,
Greece,GRC,Government expenditure on education as % of GDP (%),SE.XPD.TOTL.GD.ZS,3.23019,3.36458,3.42431,,,,,,,,,,
Greenland,GRL,Government expenditure on education as % of GDP (%),SE.XPD.TOTL.GD.ZS,,,,,,,,,,,,,
Grenada,GRD,Government expenditure on education as % of GDP (%),SE.XPD.TOTL.GD.ZS,,,,,,,,,,3.1738,,,
Guam,GUM,Government expenditure on education as % of GDP (%),SE.XPD.TOTL.GD.ZS,,,,,,,,,,,,,
Guatemala,GTM,Government expenditure on education as % of GDP (%),SE.XPD.TOTL.GD.ZS,,,,2.92014,2.95786,2.88809,2.98562,3.03033,2.94474,2.95182,3.14093,3.2122,
Guinea,GIN,Government expenditure on education as % of GDP (%),SE.XPD.TOTL.GD.ZS,2.5934,2.08191,2.59387,2.28742,1.83371,2.63421,2.42281,2.51714,2.54456,2.31765,2.31594,,
Guinea-Bissau,GNB,Government expenditure on education as % of GDP (%),SE.XPD.TOTL.GD.ZS,,,,1.85786,2.00106,2.13249,,,,,,,
Guyana,GUY,Government expenditure on education as % of GDP (%),SE.XPD.TOTL.GD.ZS,8.48415,8.3973,8.36554,3.59204,3.18242,,5.84796,5.21483,6.061,6.23007,5.49358,,
Haiti,HTI,Government expenditure on education as % of GDP (%),SE.XPD.TOTL.GD.ZS,,,,,,,3.02452,3.15723,2.44959,2.68945,2.78047,,
Heavily indebted poor countries (HIPC),HPC,Government expenditure on education as % of GDP (%),SE.XPD.TOTL.GD.ZS,2.941455007,3.272500038,3.055380106,3.925139904,4.077355146,4.523084879,,,,,,,
High income,HIC,Government expenditure on education as % of GDP (%),SE.XPD.TOTL.GD.ZS,4.820155144,4.969580173,5.213424921,5.120269775,4.946400166,5.040480137,5.123250008,,,,,,
Honduras,HND,Government expenditure on education as % of GDP (%),SE.XPD.TOTL.GD.ZS,,,,,,5.87493,7.09012,6.41297,,,6.06746,,
"Hong Kong SAR, China",HKG,Government expenditure on education as % of GDP (%),SE.XPD.TOTL.GD.ZS,,3.9037,4.01554,3.41822,3.50961,3.76032,3.57255,3.26212,3.29265,3.3101,3.32652,3.81058,
Hungary,HUN,Government expenditure on education as % of GDP (%),SE.XPD.TOTL.GD.ZS,4.8684,4.93101,5.17923,4.59011,4.16386,4.19773,4.61743,4.51866,4.65539,4.6671,,,
IBRD only,IBD,Government expenditure on education as % of GDP (%),SE.XPD.TOTL.GD.ZS,,,,,,,,,,,,,
Iceland,ISL,Government expenditure on education as % of GDP (%),SE.XPD.TOTL.GD.ZS,6.44717,6.73002,7.31757,6.81823,7.59636,7.49122,7.68858,7.51291,7.49521,7.65822,,,
IDA & IBRD total,IBT,Government expenditure on education as % of GDP (%),SE.XPD.TOTL.GD.ZS,,,,,,,,,,,,,
IDA blend,IDB,Government expenditure on education as % of GDP (%),SE.XPD.TOTL.GD.ZS,,,,,,,,,,,,,
IDA only,IDX,Government expenditure on education as % of GDP (%),SE.XPD.TOTL.GD.ZS,,,,,,,,,,,,,
IDA total,IDA,Government expenditure on education as % of GDP (%),SE.XPD.TOTL.GD.ZS,,,,,,,,,,,,,
India,IND,Government expenditure on education as % of GDP (%),SE.XPD.TOTL.GD.ZS,4.32479,,,3.79618,3.8675,3.84467,,,,,,,
Indonesia,IDN,Government expenditure on education as % of GDP (%),SE.XPD.TOTL.GD.ZS,,2.46003,2.64569,3.18944,3.40748,3.35904,3.28801,3.5836,,,,,
"Iran, Islamic Rep.",IRN,Government expenditure on education as % of GDP (%),SE.XPD.TOTL.GD.ZS,4.03064,4.07168,4.48488,3.48497,3.16859,3.06795,2.80135,2.79739,3.36576,3.7904,3.95536,,
Iraq,IRQ,Government expenditure on education as % of GDP (%),SE.XPD.TOTL.GD.ZS,,,,,,,,,,,,,
Ireland,IRL,Government expenditure on education as % of GDP (%),SE.XPD.TOTL.GD.ZS,4.13664,4.09187,4.10604,5.85826,5.76573,5.33461,4.88139,3.75829,3.71973,3.50686,,,
Isle of Man,IMN,Government expenditure on education as % of GDP (%),SE.XPD.TOTL.GD.ZS,,,,,,,,,,,,,
Israel,ISR,Government expenditure on education as % of GDP (%),SE.XPD.TOTL.GD.ZS,6.11802,6.37691,6.46638,5.56688,5.69981,5.88489,5.79265,5.8673,5.85713,6.09262,,,
Italy,ITA,Government expenditure on education as % of GDP (%),SE.XPD.TOTL.GD.ZS,4.29108,4.65009,4.43241,4.11568,4.05602,4.14367,4.06128,4.07363,3.81579,4.04494,,,
Jamaica,JAM,Government expenditure on education as % of GDP (%),SE.XPD.TOTL.GD.ZS,4.98347,5.38103,5.37523,6.26664,6.11246,6.25108,6.01654,5.45577,5.31508,5.26062,5.41478,5.16919,
Japan,JPN,Government expenditure on education as % of GDP (%),SE.XPD.TOTL.GD.ZS,3.51617,3.45707,3.46537,3.64258,3.69226,3.66538,3.59059,,3.18618,3.18218,,,
Jordan,JOR,Government expenditure on education as % of GDP (%),SE.XPD.TOTL.GD.ZS,,,,,,,,,3.51412,3.28405,3.03435,3.07253,
Kazakhstan,KAZ,Government expenditure on education as % of GDP (%),SE.XPD.TOTL.GD.ZS,3.25662,,3.0297,,,,,2.78858,2.9781,2.75082,2.61595,,
Kenya,KEN,Government expenditure on education as % of GDP (%),SE.XPD.TOTL.GD.ZS,5.18673,5.20621,6.172,5.33529,5.50904,5.41138,5.28021,5.27134,5.36267,5.36668,5.30625,,
Kiribati,KIR,Government expenditure on education as % of GDP (%),SE.XPD.TOTL.GD.ZS,11.18587,11.98812,,,,,,,,,,,
"Korea, Dem. PeopleÂ’s Rep.",PRK,Government expenditure on education as % of GDP (%),SE.XPD.TOTL.GD.ZS,,,,,,,,,,,,,
"Korea, Rep.",KOR,Government expenditure on education as % of GDP (%),SE.XPD.TOTL.GD.ZS,,,,,,,,,4.3331,,,,
Kosovo,XKX,Government expenditure on education as % of GDP (%),SE.XPD.TOTL.GD.ZS,,,,,,,,,,,,,
Kuwait,KWT,Government expenditure on education as % of GDP (%),SE.XPD.TOTL.GD.ZS,,6.58583,6.55111,,,,,,,,,,
Kyrgyz Republic,KGZ,Government expenditure on education as % of GDP (%),SE.XPD.TOTL.GD.ZS,3.50839,3.85418,4.44546,6.79062,7.38423,6.7802,5.5316,5.98551,6.58615,6.02619,,,
Lao PDR,LAO,Government expenditure on education as % of GDP (%),SE.XPD.TOTL.GD.ZS,1.50369,1.99028,2.82522,1.70802,1.82147,3.23381,2.93781,,,,,,
Late-demographic dividend,LTE,Government expenditure on education as % of GDP (%),SE.XPD.TOTL.GD.ZS,,,,,,,,,,,,,
Latin America & Caribbean,LCN,Government expenditure on education as % of GDP (%),SE.XPD.TOTL.GD.ZS,3.862375021,4.178149939,4.017340183,4.726890087,5.064234972,5.220625162,5.325860023,,,,,,
Latin America & Caribbean (excluding high income),LAC,Government expenditure on education as % of GDP (%),SE.XPD.TOTL.GD.ZS,4.134109974,4.339370012,4.104490042,4.966430187,5.064234972,5.220625162,5.325860023,,,,,,
Latin America & the Caribbean (IDA & IBRD countries),TLA,Government expenditure on education as % of GDP (%),SE.XPD.TOTL.GD.ZS,,,,,,,,,,,,,
Latvia,LVA,Government expenditure on education as % of GDP (%),SE.XPD.TOTL.GD.ZS,5.29065,5.46503,5.61846,4.93298,6.5825,6.9804,5.2749,5.31413,4.71299,4.39712,,,
Least developed countries: UN classification,LDC,Government expenditure on education as % of GDP (%),SE.XPD.TOTL.GD.ZS,2.888689995,3.241340041,2.97813499,3.245000005,3.479490042,3.282799959,,,,,,,
Lebanon,LBN,Government expenditure on education as % of GDP (%),SE.XPD.TOTL.GD.ZS,,2.84148,2.55271,1.65252,2.14809,2.43245,,,,,,,
Lending category not classified,LNX,Government expenditure on education as % of GDP (%),SE.XPD.TOTL.GD.ZS,,,,,,,,,,,,,
Lesotho,LSO,Government expenditure on education as % of GDP (%),SE.XPD.TOTL.GD.ZS,10.09155,9.36505,10.10045,,,,,,,7.96332,6.98519,,
Liberia,LBR,Government expenditure on education as % of GDP (%),SE.XPD.TOTL.GD.ZS,,,,,1.77712,1.73466,2.2791,,,2.76128,2.58412,,
Libya,LBY,Government expenditure on education as % of GDP (%),SE.XPD.TOTL.GD.ZS,,,,,,,,,,,,,
Liechtenstein,LIE,Government expenditure on education as % of GDP (%),SE.XPD.TOTL.GD.ZS,,,,2.55604,,,,,,,,,
Lithuania,LTU,Government expenditure on education as % of GDP (%),SE.XPD.TOTL.GD.ZS,,5.84038,5.79253,5.12709,4.76923,4.6095,4.49106,4.22989,4.00394,3.81283,,,
Low & middle income,LMY,Government expenditure on education as % of GDP (%),SE.XPD.TOTL.GD.ZS,3.508369923,3.684484959,3.394880056,3.930124998,4.101180077,4.364099979,,,,,,,
Low income,LIC,Government expenditure on education as % of GDP (%),SE.XPD.TOTL.GD.ZS,2.971560001,3.272500038,,3.798424959,4.053530216,3.474649906,3.993020058,,,,,,
Lower middle income,LMC,Government expenditure on education as % of GDP (%),SE.XPD.TOTL.GD.ZS,3.134629965,3.761435032,3.131850004,3.839720011,3.942765117,3.844670057,,,,,,,
Luxembourg,LUX,Government expenditure on education as % of GDP (%),SE.XPD.TOTL.GD.ZS,,3.5558,,,4.09041,,4.00789,3.9182,,3.56959,,,
"Macao SAR, China",MAC,Government expenditure on education as % of GDP (%),SE.XPD.TOTL.GD.ZS,3.34087,2.73402,2.862,2.68519,3.33736,2.04986,2.03206,2.9817,3.07791,2.68989,2.7387,,
Madagascar,MDG,Government expenditure on education as % of GDP (%),SE.XPD.TOTL.GD.ZS,2.43869,2.7072,2.23179,2.38168,2.34067,1.77694,2.38123,2.21012,2.68719,,2.82549,,
Malawi,MWI,Government expenditure on education as % of GDP (%),SE.XPD.TOTL.GD.ZS,5.24797,4.50898,,4.15262,,5.41617,4.83984,5.60866,4.74857,4.03133,4.71484,,
Malaysia,MYS,Government expenditure on education as % of GDP (%),SE.XPD.TOTL.GD.ZS,5.97161,7.48447,7.65793,5.76294,5.73903,5.4812,5.21264,4.89487,4.75191,4.67757,4.48126,4.16319,
Maldives,MDV,Government expenditure on education as % of GDP (%),SE.XPD.TOTL.GD.ZS,,,5.79186,3.5066,3.76038,3.80012,3.47046,4.36655,4.09971,,,,
Mali,MLI,Government expenditure on education as % of GDP (%),SE.XPD.TOTL.GD.ZS,2.97156,2.65845,2.89623,3.75423,3.47949,3.28465,3.64807,3.8015,3.09609,3.78731,,,
Malta,MLT,Government expenditure on education as % of GDP (%),SE.XPD.TOTL.GD.ZS,,,4.14626,7.79612,6.52243,7.87614,7.20495,5.21635,5.20754,4.82438,,,
Marshall Islands,MHL,Government expenditure on education as % of GDP (%),SE.XPD.TOTL.GD.ZS,,,8.20898,,,,,,,,,,
Mauritania,MRT,Government expenditure on education as % of GDP (%),SE.XPD.TOTL.GD.ZS,,2.10684,2.27715,2.33102,2.15821,2.29354,,,1.94406,,,1.89546,
Mauritius,MUS,Government expenditure on education as % of GDP (%),SE.XPD.TOTL.GD.ZS,3.76911,3.11486,3.0609,3.33207,3.4182,3.61579,4.91695,4.88667,5.0136,5.02313,4.83459,4.71935,
Mayotte,MYT,Government expenditure on education as % of GDP (%),SE.XPD.TOTL.GD.ZS,,,,,,,,,,,,,
Mexico,MEX,Government expenditure on education as % of GDP (%),SE.XPD.TOTL.GD.ZS,3.99244,4.24104,4.45496,5.10565,5.1031,4.69605,5.26062,5.23524,4.90949,4.52282,,,
"Micronesia, Fed. Sts.",FSM,Government expenditure on education as % of GDP (%),SE.XPD.TOTL.GD.ZS,6.70687,,,,,,,12.40792,,,,,
Middle East & North Africa,MEA,Government expenditure on education as % of GDP (%),SE.XPD.TOTL.GD.ZS,,6.20182991,,,,,,,,,,,
Middle East & North Africa (excluding high income),MNA,Government expenditure on education as % of GDP (%),SE.XPD.TOTL.GD.ZS,,,,,,,,,,,,,
Middle East & North Africa (IDA & IBRD countries),TMN,Government expenditure on education as % of GDP (%),SE.XPD.TOTL.GD.ZS,,,,,,,,,,,,,
Middle income,MIC,Government expenditure on education as % of GDP (%),SE.XPD.TOTL.GD.ZS,3.821174979,3.849435091,3.810859919,4.147749901,4.402155161,4.475830078,,,,,,,
Moldova,MDA,Government expenditure on education as % of GDP (%),SE.XPD.TOTL.GD.ZS,4.48639,4.84685,5.49791,7.13638,6.98339,,6.26602,,5.60845,5.61844,5.43973,,
Monaco,MCO,Government expenditure on education as % of GDP (%),SE.XPD.TOTL.GD.ZS,1.25536,,,1.58989,1.78004,1.3344,1.02195,,1.37093,1.45793,,,
Mongolia,MNG,Government expenditure on education as % of GDP (%),SE.XPD.TOTL.GD.ZS,5.55037,,7.21078,4.60903,5.19521,4.94077,4.71485,4.17699,5.18061,4.08859,,,
Montenegro,MNE,Government expenditure on education as % of GDP (%),SE.XPD.TOTL.GD.ZS,,,,,,,,,,,,,
Morocco,MAR,Government expenditure on education as % of GDP (%),SE.XPD.TOTL.GD.ZS,,,,,,,,,,,,,
Mozambique,MOZ,Government expenditure on education as % of GDP (%),SE.XPD.TOTL.GD.ZS,,,,,5.67216,6.11533,,,5.86504,5.50556,5.49985,,
Myanmar,MMR,Government expenditure on education as % of GDP (%),SE.XPD.TOTL.GD.ZS,,,,0.78744,,,,,,2.08768,1.92289,1.93208,
Namibia,NAM,Government expenditure on education as % of GDP (%),SE.XPD.TOTL.GD.ZS,6.99139,7.04744,6.8992,,,,,,,,,,
Nauru,NRU,Government expenditure on education as % of GDP (%),SE.XPD.TOTL.GD.ZS,,,,,,,,,,,,,
Nepal,NPL,Government expenditure on education as % of GDP (%),SE.XPD.TOTL.GD.ZS,2.97515,3.70838,3.15284,3.84262,3.76117,3.47465,3.99302,3.70359,4.44099,5.51837,5.10207,,
Netherlands,NLD,Government expenditure on education as % of GDP (%),SE.XPD.TOTL.GD.ZS,4.58512,4.69965,4.8059,5.46304,5.41022,5.52656,5.4589,5.34816,5.4796,5.1751,,,
Netherlands Antilles,ANT,Government expenditure on education as % of GDP (%),SE.XPD.TOTL.GD.ZS,,,,,,,,,,,,,
New Caledonia,NCL,Government expenditure on education as % of GDP (%),SE.XPD.TOTL.GD.ZS,,,,,,,,,,,,,
New Zealand,NZL,Government expenditure on education as % of GDP (%),SE.XPD.TOTL.GD.ZS,,6.56049,6.40699,6.93488,7.15063,6.69998,6.34445,6.33739,6.43335,6.28367,,,
Nicaragua,NIC,Government expenditure on education as % of GDP (%),SE.XPD.TOTL.GD.ZS,3.0016,,2.39101,,,,4.08328,4.07843,4.08115,4.35768,,,
Niger,NER,Government expenditure on education as % of GDP (%),SE.XPD.TOTL.GD.ZS,2.56265,2.28121,2.40163,3.10248,3.20939,3.71429,5.12745,4.49468,2.99045,2.58165,3.54721,,
Nigeria,NGA,Government expenditure on education as % of GDP (%),SE.XPD.TOTL.GD.ZS,,,,,,,,,,,,,
North America,NAC,Government expenditure on education as % of GDP (%),SE.XPD.TOTL.GD.ZS,5.442009926,4.969580173,5.01072979,5.249169827,5.194859982,4.943789959,4.989480019,,,,,,
North Macedonia,MKD,Government expenditure on education as % of GDP (%),SE.XPD.TOTL.GD.ZS,,,3.30015,,,,,,,,,,
Northern Mariana Islands,MNP,Government expenditure on education as % of GDP (%),SE.XPD.TOTL.GD.ZS,,,,,,,,,,,,,
Norway,NOR,Government expenditure on education as % of GDP (%),SE.XPD.TOTL.GD.ZS,6.46727,6.83063,7.43729,6.45452,7.3747,7.48535,7.69504,7.56933,8.03055,7.91198,,,
OECD members,OED,Government expenditure on education as % of GDP (%),SE.XPD.TOTL.GD.ZS,4.858910084,4.969580173,5.213424921,5.185050011,5.180145025,5.259789944,5.192669868,,,,,,
Oman,OMN,Government expenditure on education as % of GDP (%),SE.XPD.TOTL.GD.ZS,3.20024,4.02031,4.32507,,,4.97011,,,,,,,
Other small states,OSS,Government expenditure on education as % of GDP (%),SE.XPD.TOTL.GD.ZS,,,,,,,,,,,,,
Pacific island small states,PSS,Government expenditure on education as % of GDP (%),SE.XPD.TOTL.GD.ZS,,,,,,,,,,,,,
Pakistan,PAK,Government expenditure on education as % of GDP (%),SE.XPD.TOTL.GD.ZS,1.83782,,,2.22175,2.13628,2.49344,2.46593,2.65002,3.00292,2.89952,,,
Palau,PLW,Government expenditure on education as % of GDP (%),SE.XPD.TOTL.GD.ZS,8.02807,7.7156,7.52929,,,,,,,,,,
Panama,PAN,Government expenditure on education as % of GDP (%),SE.XPD.TOTL.GD.ZS,4.75969,4.10588,4.19164,3.15901,,,,,,,,,
Papua New Guinea,PNG,Government expenditure on education as % of GDP (%),SE.XPD.TOTL.GD.ZS,,,,,,,,,,1.96493,1.93089,,
Paraguay,PRY,Government expenditure on education as % of GDP (%),SE.XPD.TOTL.GD.ZS,4.23021,3.83357,3.40773,3.69728,3.66754,,,,3.43834,,,,
Peru,PER,Government expenditure on education as % of GDP (%),SE.XPD.TOTL.GD.ZS,3.22803,3.03712,2.82057,2.6635,2.92276,3.29729,3.69599,3.96933,3.81317,3.93131,3.72316,3.84729,
Philippines,PHL,Government expenditure on education as % of GDP (%),SE.XPD.TOTL.GD.ZS,3.1644,2.92464,2.89222,,,,,,,,,,
Poland,POL,Government expenditure on education as % of GDP (%),SE.XPD.TOTL.GD.ZS,4.99362,5.32975,5.39797,4.82012,4.81181,4.94011,4.90918,4.81226,4.63922,4.55957,,,
Portugal,PRT,Government expenditure on education as % of GDP (%),SE.XPD.TOTL.GD.ZS,5.16385,5.33713,5.25872,5.12333,4.94941,5.27097,5.124,4.88554,,5.01561,,,
Post-demographic dividend,PST,Government expenditure on education as % of GDP (%),SE.XPD.TOTL.GD.ZS,,,,,,,,,,,,,
Pre-demographic dividend,PRE,Government expenditure on education as % of GDP (%),SE.XPD.TOTL.GD.ZS,,,,,,,,,,,,,
Puerto Rico,PRI,Government expenditure on education as % of GDP (%),SE.XPD.TOTL.GD.ZS,,,,,,6.48108,6.07266,,,,,,
Qatar,QAT,Government expenditure on education as % of GDP (%),SE.XPD.TOTL.GD.ZS,3.72598,3.20019,3.84656,4.01224,3.50744,4.07384,3.60535,,,2.86383,,2.69535,
Romania,ROU,Government expenditure on education as % of GDP (%),SE.XPD.TOTL.GD.ZS,2.86863,3.26629,3.50413,3.05943,2.9541,3.04938,3.12642,3.10676,2.97411,3.09539,,,
Russian Federation,RUS,Government expenditure on education as % of GDP (%),SE.XPD.TOTL.GD.ZS,2.93979,3.10602,3.83502,,3.7931,3.76383,4.01388,3.83403,3.76044,4.68991,,,
Rwanda,RWA,Government expenditure on education as % of GDP (%),SE.XPD.TOTL.GD.ZS,4.09511,5.66607,,4.36722,4.40366,4.72194,4.17978,3.63234,3.4193,3.11083,3.07375,,
Samoa,WSM,Government expenditure on education as % of GDP (%),SE.XPD.TOTL.GD.ZS,3.58293,3.82629,3.84139,,,,,,4.16222,,,,
San Marino,SMR,Government expenditure on education as % of GDP (%),SE.XPD.TOTL.GD.ZS,,,,2.70296,,,,,,3.37033,3.59286,,
Sao Tome and Principe,STP,Government expenditure on education as % of GDP (%),SE.XPD.TOTL.GD.ZS,,,2.72058,,6.33951,5.93969,3.74883,3.8645,5.17307,5.08416,5.14907,,
Saudi Arabia,SAU,Government expenditure on education as % of GDP (%),SE.XPD.TOTL.GD.ZS,5.90982,7.71887,7.63689,,,,,,,,,,
Senegal,SEN,Government expenditure on education as % of GDP (%),SE.XPD.TOTL.GD.ZS,2.49412,2.60249,2.67932,4.87895,4.73316,5.6725,5.72021,5.45638,5.11309,4.62497,4.83328,,
Serbia,SRB,Government expenditure on education as % of GDP (%),SE.XPD.TOTL.GD.ZS,,,,4.23836,4.16421,,3.92698,3.78902,3.64027,3.71509,3.58539,,
Seychelles,SYC,Government expenditure on education as % of GDP (%),SE.XPD.TOTL.GD.ZS,,,5.19333,3.60644,2.61393,3.60813,4.08368,,4.42102,,,,
Sierra Leone,SLE,Government expenditure on education as % of GDP (%),SE.XPD.TOTL.GD.ZS,4.94937,3.43272,3.54528,2.6689,2.87204,2.37981,2.66292,,3.06023,4.63577,6.98963,7.70228,
Singapore,SGP,Government expenditure on education as % of GDP (%),SE.XPD.TOTL.GD.ZS,3.3213,3.54249,3.87853,3.03077,3.07086,2.85435,,,,,,,
Sint Maarten (Dutch part),SXM,Government expenditure on education as % of GDP (%),SE.XPD.TOTL.GD.ZS,,,,,,,,,,,,,
Slovak Republic,SVK,Government expenditure on education as % of GDP (%),SE.XPD.TOTL.GD.ZS,3.86468,3.9357,4.2454,3.92964,3.8677,4.07649,4.22136,4.59954,3.91171,3.93913,,,
Slovenia,SVN,Government expenditure on education as % of GDP (%),SE.XPD.TOTL.GD.ZS,,5.75683,5.67286,5.54126,5.62023,5.40573,5.2917,4.90953,4.80178,4.78324,,,
Small states,SST,Government expenditure on education as % of GDP (%),SE.XPD.TOTL.GD.ZS,,,,,,,,,,,,,
Solomon Islands,SLB,Government expenditure on education as % of GDP (%),SE.XPD.TOTL.GD.ZS,,,,,,,,,,,,,
Somalia,SOM,Government expenditure on education as % of GDP (%),SE.XPD.TOTL.GD.ZS,,,,,,,,,,,,,
South Africa,ZAF,Government expenditure on education as % of GDP (%),SE.XPD.TOTL.GD.ZS,5.44358,5.15948,5.06622,,,,,5.95619,5.94285,6.11306,6.15899,6.50505,
South Asia,SAS,Government expenditure on education as % of GDP (%),SE.XPD.TOTL.GD.ZS,2.550115108,,,2.82980001,2.349954963,2.98257494,3.121760011,2.946019888,2.500319958,,,,
South Asia (IDA & IBRD),TSA,Government expenditure on education as % of GDP (%),SE.XPD.TOTL.GD.ZS,,,,,,,,,,,,,
South Sudan,SSD,Government expenditure on education as % of GDP (%),SE.XPD.TOTL.GD.ZS,,,,0.96289,,1.0245,1.23246,1.46556,1.5439,,,,
Spain,ESP,Government expenditure on education as % of GDP (%),SE.XPD.TOTL.GD.ZS,4.16605,4.11127,4.13457,4.89692,4.46934,4.35102,4.30338,4.28657,4.22764,4.20774,,,
Sri Lanka,LKA,Government expenditure on education as % of GDP (%),SE.XPD.TOTL.GD.ZS,,,,1.80861,1.49617,1.62107,1.93288,2.22875,3.4492,2.79925,2.12421,,
St. Kitts and Nevis,KNA,Government expenditure on education as % of GDP (%),SE.XPD.TOTL.GD.ZS,4.61109,4.26531,3.79239,,,,,2.64346,,,,,
St. Lucia,LCA,Government expenditure on education as % of GDP (%),SE.XPD.TOTL.GD.ZS,,5.70733,,3.58824,3.27299,3.85985,3.88069,3.86773,5.20828,,3.3318,,
St. Martin (French part),MAF,Government expenditure on education as % of GDP (%),SE.XPD.TOTL.GD.ZS,,,,,,,,,,,,,
St. Vincent and the Grenadines,VCT,Government expenditure on education as % of GDP (%),SE.XPD.TOTL.GD.ZS,7.91381,,7.80199,,,,,,5.7334,5.73196,5.69378,,
Sub-Saharan Africa,SSF,Government expenditure on education as % of GDP (%),SE.XPD.TOTL.GD.ZS,3.173475027,3.467669964,3.208319902,3.925139904,4.101180077,4.498549938,,,,,,,
Sub-Saharan Africa (excluding high income),SSA,Government expenditure on education as % of GDP (%),SE.XPD.TOTL.GD.ZS,3.173475027,3.467669964,3.208319902,3.925139904,4.101180077,4.498549938,,,,,,,
Sub-Saharan Africa (IDA & IBRD countries),TSS,Government expenditure on education as % of GDP (%),SE.XPD.TOTL.GD.ZS,,,,,,,,,,,,,
Sudan,SDN,Government expenditure on education as % of GDP (%),SE.XPD.TOTL.GD.ZS,1.01218,,1.42644,,,,,,,,,,
Suriname,SUR,Government expenditure on education as % of GDP (%),SE.XPD.TOTL.GD.ZS,,,,,,,,,,,,,
Sweden,SWE,Government expenditure on education as % of GDP (%),SE.XPD.TOTL.GD.ZS,6.74015,6.61764,6.92435,6.36692,7.53697,7.61121,7.57373,7.4439,7.61862,7.56883,,,
Switzerland,CHE,Government expenditure on education as % of GDP (%),SE.XPD.TOTL.GD.ZS,4.7814,4.95981,5.31429,4.96986,5.03337,5.04048,5.05123,5.10057,5.10473,5.13019,,,
Syrian Arab Republic,SYR,Government expenditure on education as % of GDP (%),SE.XPD.TOTL.GD.ZS,,4.36049,5.04694,,,,,,,,,,
Tajikistan,TJK,Government expenditure on education as % of GDP (%),SE.XPD.TOTL.GD.ZS,2.32871,2.37659,2.77579,3.93511,4.01803,,,5.23139,,,,,
Tanzania,TZA,Government expenditure on education as % of GDP (%),SE.XPD.TOTL.GD.ZS,,,,,,,3.38488,,,4.43051,3.69644,,
Thailand,THA,Government expenditure on education as % of GDP (%),SE.XPD.TOTL.GD.ZS,5.25346,4.81787,3.86492,4.80555,4.53671,4.12402,,,,,,,
Timor-Leste,TLS,Government expenditure on education as % of GDP (%),SE.XPD.TOTL.GD.ZS,,,,10.0757,7.24187,5.66715,7.51547,8.43326,8.05194,7.06049,6.79295,,
Togo,TGO,Government expenditure on education as % of GDP (%),SE.XPD.TOTL.GD.ZS,3.9209,3.76704,3.48745,4.3093,4.7192,4.42365,4.78455,5.1086,4.95558,4.98976,5.36957,,
Tokelau,TKL,Government expenditure on education as % of GDP (%),SE.XPD.TOTL.GD.ZS,,,,,,,,,,,,,
Tonga,TON,Government expenditure on education as % of GDP (%),SE.XPD.TOTL.GD.ZS,4.94077,4.53256,3.79232,,,,,,,,,,
Trinidad and Tobago,TTO,Government expenditure on education as % of GDP (%),SE.XPD.TOTL.GD.ZS,2.75565,3.06529,3.54301,,,,,,,,,,
Tunisia,TUN,Government expenditure on education as % of GDP (%),SE.XPD.TOTL.GD.ZS,6.20198,6.20183,5.79003,,6.25037,,,6.59601,,,,,
Turkey,TUR,Government expenditure on education as % of GDP (%),SE.XPD.TOTL.GD.ZS,2.52908,2.65434,2.74894,,,,,,,,,,
Turkmenistan,TKM,Government expenditure on education as % of GDP (%),SE.XPD.TOTL.GD.ZS,,,,,3.04925,,,,,,,,
Turks and Caicos Islands,TCA,Government expenditure on education as % of GDP (%),SE.XPD.TOTL.GD.ZS,4.71883,4.84301,5.06914,,,,,3.15745,,,2.91435,,
Tuvalu,TUV,Government expenditure on education as % of GDP (%),SE.XPD.TOTL.GD.ZS,,,,,,,,,,,,,
Uganda,UGA,Government expenditure on education as % of GDP (%),SE.XPD.TOTL.GD.ZS,2.46167,,,2.31769,1.81216,1.88643,1.93036,2.34049,2.15536,2.27205,2.13052,,
Ukraine,UKR,Government expenditure on education as % of GDP (%),SE.XPD.TOTL.GD.ZS,4.16623,4.68506,5.43863,6.16237,6.69233,6.67166,5.87494,,5.00978,5.41226,,,
United Arab Emirates,ARE,Government expenditure on education as % of GDP (%),SE.XPD.TOTL.GD.ZS,,,,,,,,,,,,,
United Kingdom,GBR,Government expenditure on education as % of GDP (%),SE.XPD.TOTL.GD.ZS,4.03119,4.11923,4.63887,5.59523,,5.5298,5.599,5.55616,5.4267,5.44209,,,
United States,USA,Government expenditure on education as % of GDP (%),SE.XPD.TOTL.GD.ZS,,,,,,4.93105,4.96174,,,,,,
Upper middle income,UMC,Government expenditure on education as % of GDP (%),SE.XPD.TOTL.GD.ZS,3.989780068,3.95818007,3.839020014,4.492980003,4.422790051,4.587560177,,,,,,,
Uruguay,URY,Government expenditure on education as % of GDP (%),SE.XPD.TOTL.GD.ZS,2.42255,2.80096,2.3222,4.35527,,,,,4.7591,4.8403,5.04759,,
Uzbekistan,UZB,Government expenditure on education as % of GDP (%),SE.XPD.TOTL.GD.ZS,,,,,,6.09001,6.02527,5.78638,5.66773,5.28134,,,
Vanuatu,VUT,Government expenditure on education as % of GDP (%),SE.XPD.TOTL.GD.ZS,7.00363,8.95115,8.13175,,,,4.91083,5.39081,,4.53353,,,
"Venezuela, RB",VEN,Government expenditure on education as % of GDP (%),SE.XPD.TOTL.GD.ZS,,,,,,,,,,,,,
Vietnam,VNM,Government expenditure on education as % of GDP (%),SE.XPD.TOTL.GD.ZS,,,,4.81372,5.53329,5.652,,,4.34481,,4.16745,,
Virgin Islands (U.S.),VIR,Government expenditure on education as % of GDP (%),SE.XPD.TOTL.GD.ZS,,,,,,,,,,,,,
West Bank and Gaza,PSE,Government expenditure on education as % of GDP (%),SE.XPD.TOTL.GD.ZS,,,,5.7027,5.13268,5.3025,,5.14136,5.71773,5.25234,,,
World,WLD,Government expenditure on education as % of GDP (%),SE.XPD.TOTL.GD.ZS,3.948920012,4.091929913,4.017320156,4.492980003,4.614655018,4.735710144,4.900424957,,,,,,
"Yemen, Rep.",YEM,Government expenditure on education as % of GDP (%),SE.XPD.TOTL.GD.ZS,9.64552,9.23766,,,,,,,,,,,
Zambia,ZMB,Government expenditure on education as % of GDP (%),SE.XPD.TOTL.GD.ZS,1.78819,,,,,,,4.62432,3.74792,3.72965,4.61809,,
Zimbabwe,ZWE,Government expenditure on education as % of GDP (%),SE.XPD.TOTL.GD.ZS,,,,,6.07021,5.99598,6.13835,,,5.81878,5.87135,,
